{
  "project_info": {
    "project_number": "997481078809",
    "firebase_url": "https://androideatit-b0a9a.firebaseio.com",
    "project_id": "androideatit-b0a9a",
    "storage_bucket": "androideatit-b0a9a.appspot.com"
  },
  "client": [
    {
      "client_info": {
        "mobilesdk_app_id": "1:997481078809:android:b8646e6a2eecd38574ca88",
        "android_client_info": {
          "package_name": "com.xyz.androideatit"
        }
      },
      "oauth_client": [
        {
          "client_id": "997481078809-v1fp0nalkgkftbehtjd6cc0p6lun26sg.apps.googleusercontent.com",
          "client_type": 1,
          "android_info": {
            "package_name": "com.xyz.androideatit",
            "certificate_hash": "5a98ea871bdde5b0bc47de3a87dcdb2de8d03a45"
          }
        },
        {
          "client_id": "997481078809-8de3l09an5aasa19iah8549659m5778b.apps.googleusercontent.com",
          "client_type": 3
        }
      ],
      "api_key": [
        {
          "current_key": "AIzaSyCfaJ11o8d48tUojnFq-XCBrnf85A9r344"
        }
      ],
      "services": {
        "appinvite_service": {
          "other_platform_oauth_client": [
            {
              "client_id": "997481078809-8de3l09an5aasa19iah8549659m5778b.apps.googleusercontent.com",
              "client_type": 3
            }
          ]
        }
      }
    }
  ],
  "configuration_version": "1"
}